{"schema":5,"addons":[{"id":"chrome-gnome-shell@gnome.org","icons":{"32":"https://addons.cdn.mozilla.net/user-media/addon_icons/751/751081-32.png?modified=1521616823","64":"https://addons.cdn.mozilla.net/user-media/addon_icons/751/751081-64.png?modified=1521616823","128":"https://addons.cdn.mozilla.net/user-media/addon_icons/751/751081-128.png?modified=1521616823"},"name":"GNOME Shell integration","version":"10.1","sourceURI":"https://addons.mozilla.org/firefox/downloads/file/898030/gnome_shell_integration-10.1-an+fx-linux.xpi?src=","size":209003,"homepageURL":"https://wiki.gnome.org/Projects/GnomeShellIntegrationForChrome","supportURL":"https://bugzilla.gnome.org","description":"This extension provides integration with GNOME Shell and the corresponding extensions repository https://extensions.gnome.org","fullDescription":"You MUST install native connector for this extension to work.\n\nFor Arch Linux there is a PKGBUILD available in the AUR: https://aur.archlinux.org/packages/chrome-gnome-shell-git\n\nFor Debian, Fedora, Gentoo and Ubuntu you can install package named \"chrome-gnome-shell\".\n\nYou also can install connector manually. See https://wiki.gnome.org/Projects/GnomeShellIntegrationForChrome/Installation for install instructions.","weeklyDownloads":2178,"type":"extension","creator":{"name":"Yuri Konotopov","url":"https://addons.mozilla.org/ja/firefox/user/12725919/"},"developers":[],"screenshots":[{"url":"https://addons.cdn.mozilla.net/user-media/previews/full/183/183915.png?modified=1543520728","width":700,"height":438,"thumbnailURL":"https://addons.cdn.mozilla.net/user-media/previews/thumbs/183/183915.png?modified=1543520728","thumbnailWidth":640,"thumbnailHeight":400}],"contributionURL":"","averageRating":4.2985,"reviewCount":42,"reviewURL":"https://addons.mozilla.org/ja/firefox/addon/gnome-shell-integration/reviews/","updateDate":1521613807000},{"id":"{d7742d87-e61d-4b78-b8a1-b469842139fa}","icons":{"32":"https://addons.cdn.mozilla.net/user-media/addon_icons/808/808538-32.png?modified=1522567222","64":"https://addons.cdn.mozilla.net/user-media/addon_icons/808/808538-64.png?modified=1522567222","128":"https://addons.cdn.mozilla.net/user-media/addon_icons/808/808538-128.png?modified=1522567222"},"name":"Vimium-FF","version":"1.64.3","sourceURI":"https://addons.mozilla.org/firefox/downloads/file/1192087/vimium_ff-1.64.3-fx.xpi?src=","size":245516,"homepageURL":"https://github.com/philc/vimium","supportURL":"https://github.com/philc/vimium/issues?q=is%3Aopen+sort%3Aupdated-desc","description":"The Hacker's Browser. Vimium provides keyboard shortcuts for navigation and control in the spirit of Vim.\n\nThis is a port of the popular Chrome extension to Firefox.\n\nMost stuff works, but the port to Firefox remains a work in progress.","fullDescription":"Keyboard Bindings\n\nModifier keys are specified as <c-x>, <m-x>, and <a-x> for ctrl+x, meta+x, and alt+x respectively. See the next section for how to customize these bindings.\n\nOnce you have Vimium installed, you can see this list of key bindings at any time by typing ?.\n\nNavigating the current page:\n\n? show the help dialog for a list of all available keys\nh scroll left\nj scroll down\nk scroll up\nl scroll right\ngg scroll to top of the page\nG scroll to bottom of the page\nd scroll down half a page\nu scroll up half a page\nf open a link in the current tab\nF open a link in a new tab\nr reload\ngs view source\ni enter insert mode -- all commands will be ignored until you hit Esc to exit\nyy copy the current url to the clipboard\nyf copy a link url to the clipboard\ngf cycle forward to the next frame\ngF focus the main/top frame\n\nNavigating to new pages:\n\no Open URL, bookmark, or history entry\nO Open URL, bookmark, history entry in a new tab\nb Open bookmark\nB Open bookmark in a new tab\n\nUsing find:\n\n/ enter find mode\n-- type your search query and hit enter to search, or Esc to cancel\nn cycle forward to the next find match\nN cycle backward to the previous find match\n\nFor advanced usage, see regular expressions on the wiki.\n\nNavigating your history:\n\nH go back in history\nL go forward in history\n\nManipulating tabs:\n\nJ, gT go one tab left\nK, gt go one tab right\ng0 go to the first tab\ng$ go to the last tab\n^ visit the previously-visited tab\nt create tab\nyt duplicate current tab\nx close current tab\nX restore closed tab (i.e. unwind the 'x' command)\nT search through your open tabs\n<a-p> pin/unpin current tab\n\nUsing marks:\n\nma, mA set local mark \"a\" (global mark \"A\")\n`a, `A jump to local mark \"a\" (global mark \"A\")\n`` jump back to the position before the previous jump\n-- that is, before the previous gg, G, n, N, / or `a\n\nAdditional advanced browsing commands:\n\n]], [[ Follow the link labeled 'next' or '>' ('previous' or '<')\n- helpful for browsing paginated sites\n<a-f> open multiple links in a new tab\ngi focus the first (or n-th) text input box on the page\ngu go up one level in the URL hierarchy\ngU go up to root of the URL hierarchy\nge edit the current URL\ngE edit the current URL and open in a new tab\nzH scroll all the way left\nzL scroll all the way right\nv enter visual mode; use p/P to paste-and-go, use y to yank\nV enter visual line mode\n\nVimium supports command repetition so, for example, hitting 5t will open 5 tabs in rapid succession. <Esc> (or <c-[>) will clear any partial commands in the queue and will also exit insert and find modes.\n\nThere are some advanced commands which aren't documented here; refer to the help dialog (type ?) for a full list.","weeklyDownloads":1445,"type":"extension","creator":{"name":"Stephen Blott","url":"https://addons.mozilla.org/ja/firefox/user/12979436/"},"developers":[],"screenshots":[],"contributionURL":"","averageRating":4.7329,"reviewCount":85,"reviewURL":"https://addons.mozilla.org/ja/firefox/addon/vimium-ff/reviews/","updateDate":1545820508000}],"compatOverrides":[]}