{"schemaVersion":25,"addons":[{"id":"activity-stream@mozilla.org","syncGUID":"{87f792c7-e88d-4847-9723-fb20153132eb}","location":"app-system-defaults","version":"2018.04.20.1103-b3b95672","type":"extension","internalName":null,"updateURL":null,"updateKey":null,"optionsURL":null,"optionsType":null,"aboutURL":null,"defaultLocale":{"name":"Activity Stream","description":"A rich visual history feed and a reimagined home page make it easier than ever to find exactly what you're looking for in Firefox.","creator":null,"homepageURL":null},"visible":true,"active":true,"userDisabled":false,"appDisabled":false,"installDate":1538519318000,"updateDate":1544570944000,"applyBackgroundUpdates":1,"bootstrap":true,"path":"/usr/lib/firefox-esr/browser/features/activity-stream@mozilla.org.xpi","skinnable":false,"size":2536973,"sourceURI":null,"releaseNotesURI":null,"softDisabled":false,"foreignInstall":false,"strictCompatibility":false,"locales":[],"targetApplications":[{"id":"{ec8030f7-c20a-464f-9b0e-13a3a9e97384}","minVersion":"60.4.0","maxVersion":"60.*"}],"targetPlatforms":[],"multiprocessCompatible":true,"seen":true,"dependencies":[],"hasEmbeddedWebExtension":false,"mpcOptedOut":false,"userPermissions":null,"icons":{},"iconURL":null,"icon64URL":null,"blocklistState":0,"blocklistURL":null,"startupData":null},{"id":"aushelper@mozilla.org","syncGUID":"{a7d3e905-562c-4408-a422-ad40a22bf3a9}","location":"app-system-defaults","version":"2.0","type":"extension","internalName":null,"updateURL":null,"updateKey":null,"optionsURL":null,"optionsType":null,"aboutURL":null,"defaultLocale":{"name":"Application Update Service Helper","description":"Sets value(s) in the update url based on custom checks.","creator":null,"homepageURL":null},"visible":true,"active":true,"userDisabled":false,"appDisabled":false,"installDate":1538519318000,"updateDate":1544570944000,"applyBackgroundUpdates":1,"bootstrap":true,"path":"/usr/lib/firefox-esr/browser/features/aushelper@mozilla.org.xpi","skinnable":false,"size":8425,"sourceURI":null,"releaseNotesURI":null,"softDisabled":false,"foreignInstall":false,"strictCompatibility":false,"locales":[],"targetApplications":[{"id":"{ec8030f7-c20a-464f-9b0e-13a3a9e97384}","minVersion":"60.4.0","maxVersion":"60.*"}],"targetPlatforms":[],"multiprocessCompatible":true,"seen":true,"dependencies":[],"hasEmbeddedWebExtension":false,"mpcOptedOut":false,"userPermissions":null,"icons":{},"iconURL":null,"icon64URL":null,"blocklistState":0,"blocklistURL":null,"startupData":null},{"id":"firefox@getpocket.com","syncGUID":"{802ca451-85b9-49b3-af2c-5b538d285c9c}","location":"app-system-defaults","version":"1.0.5","type":"extension","internalName":null,"updateURL":null,"updateKey":null,"optionsURL":null,"optionsType":null,"aboutURL":null,"defaultLocale":{"name":"Pocket","description":"When you find something you want to view later, put it in Pocket.","creator":null,"homepageURL":null},"visible":true,"active":true,"userDisabled":false,"appDisabled":false,"installDate":1538519318000,"updateDate":1544570944000,"applyBackgroundUpdates":1,"bootstrap":true,"path":"/usr/lib/firefox-esr/browser/features/firefox@getpocket.com.xpi","skinnable":false,"size":856017,"sourceURI":null,"releaseNotesURI":null,"softDisabled":false,"foreignInstall":false,"strictCompatibility":false,"locales":[],"targetApplications":[{"id":"{ec8030f7-c20a-464f-9b0e-13a3a9e97384}","minVersion":"60.4.0","maxVersion":"60.*"}],"targetPlatforms":[],"multiprocessCompatible":true,"seen":true,"dependencies":[],"hasEmbeddedWebExtension":false,"mpcOptedOut":false,"userPermissions":null,"icons":{},"iconURL":null,"icon64URL":null,"blocklistState":0,"blocklistURL":null,"startupData":null},{"id":"followonsearch@mozilla.com","syncGUID":"{d952aeef-08c4-4bbd-a6d6-4ca89cb942f7}","location":"app-system-defaults","version":"0.9.6","type":"extension","internalName":null,"updateURL":null,"updateKey":null,"optionsURL":null,"optionsType":null,"aboutURL":null,"defaultLocale":{"name":"Follow-on Search Telemetry","description":null,"creator":null,"homepageURL":null},"visible":true,"active":true,"userDisabled":false,"appDisabled":false,"installDate":1538519318000,"updateDate":1544570944000,"applyBackgroundUpdates":1,"bootstrap":true,"path":"/usr/lib/firefox-esr/browser/features/followonsearch@mozilla.com.xpi","skinnable":false,"size":18539,"sourceURI":null,"releaseNotesURI":null,"softDisabled":false,"foreignInstall":false,"strictCompatibility":false,"locales":[],"targetApplications":[{"id":"{ec8030f7-c20a-464f-9b0e-13a3a9e97384}","minVersion":"52.0","maxVersion":"66.*"}],"targetPlatforms":[],"multiprocessCompatible":true,"seen":true,"dependencies":[],"hasEmbeddedWebExtension":false,"mpcOptedOut":false,"userPermissions":null,"icons":{},"iconURL":null,"icon64URL":null,"blocklistState":0,"blocklistURL":null,"startupData":null},{"id":"formautofill@mozilla.org","syncGUID":"{7908badd-7e40-4b17-96f3-cc7cdc8a359c}","location":"app-system-defaults","version":"1.0","type":"extension","internalName":null,"updateURL":null,"updateKey":null,"optionsURL":null,"optionsType":null,"aboutURL":null,"defaultLocale":{"name":"Form Autofill","description":"Autofill forms with saved profiles","creator":null,"homepageURL":null},"visible":true,"active":true,"userDisabled":false,"appDisabled":false,"installDate":1538519318000,"updateDate":1544570944000,"applyBackgroundUpdates":1,"bootstrap":true,"path":"/usr/lib/firefox-esr/browser/features/formautofill@mozilla.org.xpi","skinnable":false,"size":457534,"sourceURI":null,"releaseNotesURI":null,"softDisabled":false,"foreignInstall":false,"strictCompatibility":false,"locales":[],"targetApplications":[{"id":"{ec8030f7-c20a-464f-9b0e-13a3a9e97384}","minVersion":"60.4.0","maxVersion":"60.*"}],"targetPlatforms":[],"multiprocessCompatible":true,"seen":true,"dependencies":[],"hasEmbeddedWebExtension":false,"mpcOptedOut":false,"userPermissions":null,"icons":{},"iconURL":null,"icon64URL":null,"blocklistState":0,"blocklistURL":null,"startupData":null},{"id":"jaws-esr@mozilla.org","syncGUID":"{a3e7eb52-2d1d-4723-8b99-73bfc6184e38}","location":"app-system-defaults","version":"1.2","type":"extension","internalName":null,"updateURL":null,"updateKey":null,"optionsURL":null,"optionsType":null,"aboutURL":null,"defaultLocale":{"name":"Firefox ESR configurer for OLDJAWS screen reader","description":"Disabled e10s for users of OLDJAWS.","creator":null,"homepageURL":null},"visible":true,"active":true,"userDisabled":false,"appDisabled":false,"installDate":1538519318000,"updateDate":1544570944000,"applyBackgroundUpdates":1,"bootstrap":true,"path":"/usr/lib/firefox-esr/browser/features/jaws-esr@mozilla.org.xpi","skinnable":false,"size":5237,"sourceURI":null,"releaseNotesURI":null,"softDisabled":false,"foreignInstall":false,"strictCompatibility":false,"locales":[],"targetApplications":[{"id":"{ec8030f7-c20a-464f-9b0e-13a3a9e97384}","minVersion":"60.0","maxVersion":"60.*"}],"targetPlatforms":[],"multiprocessCompatible":true,"seen":true,"dependencies":[],"hasEmbeddedWebExtension":false,"mpcOptedOut":false,"userPermissions":null,"icons":{},"iconURL":null,"icon64URL":null,"blocklistState":0,"blocklistURL":null,"startupData":null},{"id":"onboarding@mozilla.org","syncGUID":"{cb380484-2201-44df-938c-c89ceeae6281}","location":"app-system-defaults","version":"1.0","type":"extension","internalName":null,"updateURL":null,"updateKey":null,"optionsURL":null,"optionsType":null,"aboutURL":null,"defaultLocale":{"name":"Photon onboarding","description":"Photon onboarding","creator":null,"homepageURL":null},"visible":true,"active":true,"userDisabled":false,"appDisabled":false,"installDate":1538519318000,"updateDate":1544570944000,"applyBackgroundUpdates":1,"bootstrap":true,"path":"/usr/lib/firefox-esr/browser/features/onboarding@mozilla.org.xpi","skinnable":false,"size":562340,"sourceURI":null,"releaseNotesURI":null,"softDisabled":false,"foreignInstall":false,"strictCompatibility":false,"locales":[],"targetApplications":[{"id":"{ec8030f7-c20a-464f-9b0e-13a3a9e97384}","minVersion":"60.4.0","maxVersion":"60.*"}],"targetPlatforms":[],"multiprocessCompatible":true,"seen":true,"dependencies":[],"hasEmbeddedWebExtension":false,"mpcOptedOut":false,"userPermissions":null,"icons":{},"iconURL":null,"icon64URL":null,"blocklistState":0,"blocklistURL":null,"startupData":null},{"id":"screenshots@mozilla.org","syncGUID":"{3f867c35-8f53-4a01-8ce8-e5756baee28e}","location":"app-system-defaults","version":"30.1.0","type":"extension","internalName":null,"updateURL":null,"updateKey":null,"optionsURL":null,"optionsType":null,"aboutURL":null,"defaultLocale":{"name":"Firefox Screenshots","description":null,"creator":null,"homepageURL":"https://screenshots.firefox.com/"},"visible":true,"active":true,"userDisabled":false,"appDisabled":false,"installDate":1538519318000,"updateDate":1544570944000,"applyBackgroundUpdates":1,"bootstrap":true,"path":"/usr/lib/firefox-esr/browser/features/screenshots@mozilla.org.xpi","skinnable":false,"size":1043197,"sourceURI":null,"releaseNotesURI":null,"softDisabled":false,"foreignInstall":false,"strictCompatibility":false,"locales":[],"targetApplications":[{"id":"{ec8030f7-c20a-464f-9b0e-13a3a9e97384}","minVersion":"57.0a1","maxVersion":"*"}],"targetPlatforms":[],"multiprocessCompatible":true,"seen":true,"dependencies":[],"hasEmbeddedWebExtension":false,"mpcOptedOut":false,"userPermissions":null,"icons":{},"iconURL":null,"icon64URL":null,"blocklistState":0,"blocklistURL":null,"startupData":null},{"id":"webcompat@mozilla.org","syncGUID":"{5b781885-355d-4767-b142-44de31aadd03}","location":"app-system-defaults","version":"1.1","type":"extension","internalName":null,"updateURL":null,"updateKey":null,"optionsURL":null,"optionsType":null,"aboutURL":null,"defaultLocale":{"name":"Web Compat","description":"Urgent post-release fixes for web compatibility.","creator":null,"homepageURL":null},"visible":true,"active":true,"userDisabled":false,"appDisabled":false,"installDate":1538519318000,"updateDate":1544570944000,"applyBackgroundUpdates":1,"bootstrap":true,"path":"/usr/lib/firefox-esr/browser/features/webcompat@mozilla.org.xpi","skinnable":false,"size":9137,"sourceURI":null,"releaseNotesURI":null,"softDisabled":false,"foreignInstall":false,"strictCompatibility":false,"locales":[],"targetApplications":[{"id":"{ec8030f7-c20a-464f-9b0e-13a3a9e97384}","minVersion":"60.4.0","maxVersion":"60.*"}],"targetPlatforms":[],"multiprocessCompatible":true,"seen":true,"dependencies":[],"hasEmbeddedWebExtension":false,"mpcOptedOut":false,"userPermissions":null,"icons":{},"iconURL":null,"icon64URL":null,"blocklistState":0,"blocklistURL":null,"startupData":null},{"id":"langpack-ja@firefox-esr.mozilla.org","syncGUID":"{715e5048-4295-448e-8528-15f2fe5ddf7c}","location":"app-global","version":"60.0buildid20181211232904","type":"webextension-langpack","internalName":null,"updateURL":null,"updateKey":null,"optionsURL":null,"optionsType":null,"optionsBrowserStyle":true,"aboutURL":null,"defaultLocale":{"name":"Japanese Language Pack","description":"Language pack for Firefox for ja","creator":"Mozilla Japanese L10N Community (contributors: Hiroki Abe, Makoto Arai, Tomoya Asai, Hideyuki EMURA, Shaw Hosaka, Joji Ikeda, Masahiko Imanaka, Kosuke Kaizuka, Hidehiro Kozawa, Teiji Matsuba, Shigeki Narisawa, Takeshi Nishimura, Toshiyuki Oka, Atsushi Sakai, Hiroshi Sekiya, Youhei Tooyama, Satoru Yamaguchi)","developers":null,"translators":null,"contributors":null},"visible":true,"active":true,"userDisabled":false,"appDisabled":false,"installDate":1538519318000,"updateDate":1544570944000,"applyBackgroundUpdates":1,"bootstrap":true,"path":"/usr/lib/firefox-esr/browser/extensions/langpack-ja@firefox-esr.mozilla.org.xpi","skinnable":false,"size":1497960,"sourceURI":null,"releaseNotesURI":null,"softDisabled":false,"foreignInstall":true,"strictCompatibility":true,"locales":[],"targetApplications":[{"id":"toolkit@mozilla.org","minVersion":"60.0","maxVersion":"60.*"}],"targetPlatforms":[],"multiprocessCompatible":true,"seen":true,"dependencies":[],"hasEmbeddedWebExtension":false,"userPermissions":null,"icons":{},"iconURL":null,"icon64URL":null,"blocklistState":0,"blocklistURL":null,"startupData":{"chromeEntries":[["locale","necko","ja","chrome/ja/locale/ja/necko/"],["locale","pdf.js","ja","browser/chrome/ja/locale/pdfviewer/"],["locale","global","ja","chrome/ja/locale/ja/global/"],["locale","onboarding","ja","browser/features/onboarding@mozilla.org/ja/locale/ja/"],["locale","devtools","ja","browser/chrome/ja/locale/ja/devtools/client/"],["locale","pipnss","ja","chrome/ja/locale/ja/pipnss/"],["locale","devtools-shim","ja","browser/chrome/ja/locale/ja/devtools/shim/"],["locale","alerts","ja","chrome/ja/locale/ja/alerts/"],["locale","branding","ja","browser/chrome/ja/locale/branding/"],["locale","autoconfig","ja","chrome/ja/locale/ja/autoconfig/"],["locale","devtools-shared","ja","browser/chrome/ja/locale/ja/devtools/shared/"],["locale","global-platform","ja","chrome/ja/locale/ja/global-platform/unix/"],["locale","browser-region","ja","browser/chrome/ja/locale/browser-region/"],["locale","mozapps","ja","chrome/ja/locale/ja/mozapps/"],["locale","pluginproblem","ja","chrome/ja/locale/ja/pluginproblem/"],["locale","formautofill","ja","browser/features/formautofill@mozilla.org/ja/locale/ja/"],["locale","weave","ja","chrome/ja/locale/ja/services/"],["locale","pocket","ja","browser/features/firefox@getpocket.com/ja/locale/ja/"],["locale","places","ja","chrome/ja/locale/ja/places/"],["locale","passwordmgr","ja","chrome/ja/locale/ja/passwordmgr/"],["locale","pippki","ja","chrome/ja/locale/ja/pippki/"],["locale","jaws-esr","ja","browser/features/jaws-esr@mozilla.org/ja/locale/ja/"],["locale","browser","ja","browser/chrome/ja/locale/browser/"]],"langpackId":"langpack-ja-browser","l10nRegistrySources":{"browser":"browser/"},"languages":["ja"]}},{"id":"{972ce4c6-7e08-4474-a285-3208198ce6fd}","syncGUID":"{337905a9-65da-46bb-b7ab-af851cc0db26}","location":"app-global","version":"60.4.0","type":"theme","internalName":"classic/1.0","updateURL":null,"updateKey":null,"optionsURL":null,"optionsType":null,"optionsBrowserStyle":null,"aboutURL":null,"defaultLocale":{"name":"Default","description":"The default theme.","creator":"Mozilla","homepageURL":null,"contributors":["Mozilla Contributors"]},"visible":true,"active":true,"userDisabled":false,"appDisabled":false,"installDate":1538519318000,"updateDate":1544570944000,"applyBackgroundUpdates":1,"path":"/usr/lib/firefox-esr/browser/extensions/{972ce4c6-7e08-4474-a285-3208198ce6fd}.xpi","skinnable":true,"size":1907,"sourceURI":null,"releaseNotesURI":null,"softDisabled":false,"foreignInstall":false,"strictCompatibility":true,"locales":[],"targetApplications":[{"id":"{ec8030f7-c20a-464f-9b0e-13a3a9e97384}","minVersion":"60.4.0","maxVersion":"60.4.0"}],"targetPlatforms":[],"seen":true,"dependencies":[],"hasEmbeddedWebExtension":false,"userPermissions":null,"icons":{},"iconURL":"chrome://browser/content/default-theme-icon.svg","icon64URL":null,"blocklistState":0,"blocklistURL":null,"startupData":null},{"id":"chrome-gnome-shell@gnome.org","syncGUID":"{670ab8a2-47b3-46c0-bc7b-895abe8ded0d}","location":"app-profile","version":"10.1","type":"webextension","internalName":null,"updateURL":null,"updateKey":null,"optionsURL":"options.html","optionsType":3,"optionsBrowserStyle":true,"aboutURL":null,"defaultLocale":{"name":"GNOME Shell integration","description":"This extension provides integration with GNOME Shell and the corresponding extensions repository https://extensions.gnome.org","creator":"Yuri Konotopov <ykonotopov@gnome.org>","developers":null,"translators":null,"contributors":null},"visible":true,"active":true,"userDisabled":false,"appDisabled":false,"installDate":1542214902000,"updateDate":1545849127000,"applyBackgroundUpdates":1,"bootstrap":true,"path":"/home/1000/profile/extensions/chrome-gnome-shell@gnome.org.xpi","skinnable":false,"size":638192,"sourceURI":null,"releaseNotesURI":null,"softDisabled":false,"foreignInstall":false,"strictCompatibility":true,"locales":[{"name":"GNOME Shell integration","description":"This extension provides integration with GNOME Shell and the corresponding extensions repository https://extensions.gnome.org","creator":"Yuri Konotopov <ykonotopov@gnome.org>","developers":null,"translators":null,"contributors":null,"locales":["en"]},{"name":"Integratsioon GNOME Shelliga","description":"See laiendus võimaldab integratsiooni GNOME Shelli ja selle laienduste hoidlaga aadressil https://extensions.gnome.org","creator":"Yuri Konotopov <ykonotopov@gnome.org>","developers":null,"translators":null,"contributors":null,"locales":["et"]},{"name":"Integracion a GNOME Shell","description":"Aquesta extension permet l'integracion a GNOME Shell e a las extensions correspondentas del depaus https://extensions.gnome.org","creator":"Yuri Konotopov <ykonotopov@gnome.org>","developers":null,"translators":null,"contributors":null,"locales":["oc"]},{"name":"GNOME Shell integration","description":"This extension provides integration with GNOME Shell and the corresponding extensions repository https://extensions.gnome.org","creator":"Yuri Konotopov <ykonotopov@gnome.org>","developers":null,"translators":null,"contributors":null,"locales":["pt-PT"]},{"name":"Intégration à GNOME Shell","description":"Cette extension permet l'intégration à GNOME Shell et aux extensions correspondantes du dépôt https://extensions.gnome.org","creator":"Yuri Konotopov <ykonotopov@gnome.org>","developers":null,"translators":null,"contributors":null,"locales":["fr"]},{"name":"Integrasi Shell GNOME","description":"Ekstensi ini menyediakan integrasi dengan Shell GNOME dan repositori ekstensi yang berhubungan https://extensions.gnome.org","creator":"Yuri Konotopov <ykonotopov@gnome.org>","developers":null,"translators":null,"contributors":null,"locales":["id"]},{"name":"GNOME Shell-integration","description":"Detta tillägg tillhandahåller integration med GNOME Shell och det motsvarande tilläggsförrådet https://extensions.gnome.org","creator":"Yuri Konotopov <ykonotopov@gnome.org>","developers":null,"translators":null,"contributors":null,"locales":["sv"]},{"name":"Integrace do GNOME Shell","description":"Toto rozšíření poskytuje integraci s GNOME Shell a shoduje se s repozitářem rozšíření https://extensions.gnome.org","creator":"Yuri Konotopov <ykonotopov@gnome.org>","developers":null,"translators":null,"contributors":null,"locales":["cs"]},{"name":"GNOME Shell integráció","description":"Ez a kiterjesztés integrációt biztosít a GNOME Shell-lel, és a hozzá tartozó https://extensions.gnome.org kiterjesztéstárolóval","creator":"Yuri Konotopov <ykonotopov@gnome.org>","developers":null,"translators":null,"contributors":null,"locales":["hu"]},{"name":"그놈 셸 확장 기능","description":"이 확장 기능은 그놈 셸 통합 기능이 있으며 관련 확장 기능 저장소는 https://extensions.gnome.org에 있습니다","creator":"Yuri Konotopov <ykonotopov@gnome.org>","developers":null,"translators":null,"contributors":null,"locales":["ko"]},{"name":"Amalachadh slige GNOMW","description":"Bheir an leudachan seo dhut amalachadh le Slige GNOME agus Shell ionad-tasgaidh nan leudachan co-cheangailte rithe https://extensions.gnome.org","creator":"Yuri Konotopov <ykonotopov@gnome.org>","developers":null,"translators":null,"contributors":null,"locales":["gd"]},{"name":"Integrazione con GNOME Shell","description":"Questa estensione fornisce l'integrazione con GNOME Shell e il corrispondente repository delle estensioni https://extensions.gnome.org","creator":"Yuri Konotopov <ykonotopov@gnome.org>","developers":null,"translators":null,"contributors":null,"locales":["it"]},{"name":"GNOME Shell-Integration","description":"Diese Erweiterung ermöglicht die Integration mit der GNOME Shell und dem dazugehörenden Erweiterungs-Repository von https://extensions.gnome.org","creator":"Yuri Konotopov <ykonotopov@gnome.org>","developers":null,"translators":null,"contributors":null,"locales":["de"]},{"name":"Ingegrasjon med GNOME-skallet","description":"This extension provides integration with GNOME Shell and the corresponding extensions repository https://extensions.gnome.org","creator":"Yuri Konotopov <ykonotopov@gnome.org>","developers":null,"translators":null,"contributors":null,"locales":["nb"]},{"name":"Integración de GNOME Shell","description":"Esta extensión fornece integración con GNOME SHell e o correspondente repositorio de extensións https://extensions.gnome.org","creator":"Yuri Konotopov <ykonotopov@gnome.org>","developers":null,"translators":null,"contributors":null,"locales":["gl"]},{"name":"Integració amb el GNOME Shell","description":"Aquesta extensió proporciona integració amb GNOME Shell i el corresponent dipòsit d'extensions https://extensions.gnome.org","creator":"Yuri Konotopov <ykonotopov@gnome.org>","developers":null,"translators":null,"contributors":null,"locales":["ca"]},{"name":"Integrácia do Shellu prostredia GNOME","description":"Toto rozšírenie poskytuje integráciu do Shellu prostredia GNOME a príslušný repozitár rozšírení https://extensions.gnome.org","creator":"Yuri Konotopov <ykonotopov@gnome.org>","developers":null,"translators":null,"contributors":null,"locales":["sk"]},{"name":"Интеграција Гномове шкољке","description":"Ово проширење обезбеђује интеграцију са Гномовом шкољком и одговарајућом ризницом проширења „https://extensions.gnome.org“","creator":"Yuri Konotopov <ykonotopov@gnome.org>","developers":null,"translators":null,"contributors":null,"locales":["sr"]},{"name":"GNOME Shell integration","description":"Данное расширение добавляет интеграцию с GNOME Shell и репозиторием расширений https://extensions.gnome.org","creator":"Yuri Konotopov <ykonotopov@gnome.org>","developers":null,"translators":null,"contributors":null,"locales":["ru"]},{"name":"Integracja z GNOME Shell","description":"To rozszerzenie dostarcza integrację z GNOME Shell i repozytorium rozszerzeń https://extensions.gnome.org","creator":"Yuri Konotopov <ykonotopov@gnome.org>","developers":null,"translators":null,"contributors":null,"locales":["pl"]},{"name":"GNOME Shell integration","description":"This extension provides integration with GNOME Shell and the corresponding extensions repository https://extensions.gnome.org","creator":"Yuri Konotopov <ykonotopov@gnome.org>","developers":null,"translators":null,"contributors":null,"locales":["sl"]},{"name":"Integracija GNOME ljuske","description":"Ovo proširenje omogućuje integraciju s GNOME ljuskom i odgovarajućem repozitoriju proširenja https://extensions.gnome.org","creator":"Yuri Konotopov <ykonotopov@gnome.org>","developers":null,"translators":null,"contributors":null,"locales":["hr"]},{"name":"Gnome Shell -integraatio","description":"Tämä laajennus tarjoaa integraation Gnome Shellin ja Gnome Shellin laajennustietovaraston https://extensions.gnome.org kanssa","creator":"Yuri Konotopov <ykonotopov@gnome.org>","developers":null,"translators":null,"contributors":null,"locales":["fi"]},{"name":"GNOME Shell integration","description":"Αυτή η επέκταση παρέχει ενσωμάτωση με το GNOME Shell και τα πρόσθετα του από το https://extensions.gnome.org","creator":"Yuri Konotopov <ykonotopov@gnome.org>","developers":null,"translators":null,"contributors":null,"locales":["el"]},{"name":"Integración con GNOME Shell","description":"Esta extensión proporciona integración con GNOME Shell y el correspondiente repositorio de extensiones https://extensions.gnome.org","creator":"Yuri Konotopov <ykonotopov@gnome.org>","developers":null,"translators":null,"contributors":null,"locales":["es"]},{"name":"Integração com GNOME Shell","description":"Essa extensão fornece integração com o GNOME Shell e com o repositório de extensões correspondente, o https://extensions.gnome.org","creator":"Yuri Konotopov <ykonotopov@gnome.org>","developers":null,"translators":null,"contributors":null,"locales":["pt-BR"]},{"name":"GNOME Shell-integration","description":"Denne udvidelse giver integration med GNOME Shell og det tilhørende udvidelsesarkiv https://extensions.gnome.org","creator":"Yuri Konotopov <ykonotopov@gnome.org>","developers":null,"translators":null,"contributors":null,"locales":["da"]},{"name":"GNOME Kabuk bütünleşmesi","description":"Bu uygulama, GNOME Kabuk ve buna uygun uzantı deposu olan https://extensions.gnome.org ile bütünleşme sağlar","creator":"Yuri Konotopov <ykonotopov@gnome.org>","developers":null,"translators":null,"contributors":null,"locales":["tr"]},{"name":"Gnome-shell-integratie","description":"Deze extensie voorziet in de integratie met Gnome-shell en de bijbehorende website met extensies https://extensions.gnome.org","creator":"Yuri Konotopov <ykonotopov@gnome.org>","developers":null,"translators":null,"contributors":null,"locales":["nl"]}],"targetApplications":[{"id":"toolkit@mozilla.org","minVersion":"56.0","maxVersion":"*"}],"targetPlatforms":[],"multiprocessCompatible":true,"signedState":2,"seen":true,"dependencies":[],"hasEmbeddedWebExtension":false,"userPermissions":{"permissions":["alarms","nativeMessaging","notifications","storage","tabs"],"origins":["https://extensions.gnome.org/","https://extensions.gnome.org/*"]},"icons":{"16":"icons/GnomeLogo-16.png","48":"icons/GnomeLogo-48.png","128":"icons/GnomeLogo-128.png"},"iconURL":null,"icon64URL":null,"blocklistState":0,"blocklistURL":null,"startupData":null},{"id":"{d7742d87-e61d-4b78-b8a1-b469842139fa}","syncGUID":"{2009f650-01a6-4dcf-ad23-223a950bf83d}","location":"app-profile","version":"1.64.3","type":"webextension","internalName":null,"updateKey":null,"optionsURL":"pages/options.html","optionsType":3,"optionsBrowserStyle":true,"aboutURL":null,"defaultLocale":{"name":"Vimium","description":"The Hacker's Browser. Vimium provides keyboard shortcuts for navigation and control in the spirit of Vim.","creator":null,"developers":null,"translators":null,"contributors":null},"visible":true,"active":true,"userDisabled":false,"appDisabled":false,"installDate":1542130138000,"updateDate":1545927503000,"applyBackgroundUpdates":1,"bootstrap":true,"path":"/home/1000/profile/extensions/{d7742d87-e61d-4b78-b8a1-b469842139fa}.xpi","skinnable":false,"size":596040,"sourceURI":"https://addons.cdn.mozilla.net/user-media/addons/808538/vimium_ff-1.64.3-fx.xpi?filehash=sha256%3Aa4233bd07e3be606a7b092eb7d6cf157dae4573b7086f128a322a0a5881a97f4","releaseNotesURI":"https://addons.mozilla.org/versions/updateInfo/2647668/ja-JP/","softDisabled":false,"foreignInstall":false,"strictCompatibility":true,"locales":[],"targetApplications":[{"id":"toolkit@mozilla.org"}],"targetPlatforms":[],"multiprocessCompatible":true,"signedState":2,"seen":true,"dependencies":[],"hasEmbeddedWebExtension":false,"userPermissions":{"permissions":["tabs","bookmarks","history","clipboardRead","clipboardWrite","storage","sessions","notifications","webNavigation"],"origins":["<all_urls>","file:///","file:///*/"]},"icons":{"16":"icons/icon16.png","48":"icons/icon48.png","128":"icons/icon128.png"},"iconURL":null,"icon64URL":null,"blocklistState":0,"blocklistURL":null,"startupData":null}]}