{"chrome://browser/content/browser.xul":{"main-window":{"screenX":"356","screenY":"59","width":"1206","height":"926","sizemode":"normal"},"sidebar-title":{"value":"履歴"},"sidebar-box":{"sidebarcommand":"viewHistorySidebar","positionend":"true","width":"257"},"toolbar-menubar":{"currentset":"menubar-items"},"TabsToolbar":{"currentset":"tabbrowser-tabs,new-tab-button,alltabs-button"},"nav-bar":{"currentset":"back-button,forward-button,stop-reload-button,home-button,customizableui-special-spring1,urlbar-container,customizableui-special-spring2,downloads-button,library-button,sidebar-button,_d7742d87-e61d-4b78-b8a1-b469842139fa_-browser-action,chrome-gnome-shell_gnome_org-browser-action"},"PersonalToolbar":{"currentset":"personal-bookmarks"}},"about:config":{"prefCol":{"ordinal":"1","sortDirection":"ascending"},"lockCol":{"ordinal":"3"},"typeCol":{"ordinal":"5"},"valueCol":{"ordinal":"7"}},"chrome://mozapps/content/downloads/unknownContentType.xul":{"unknownContentType":{"screenX":"390","screenY":"320"}},"chrome://mozapps/content/handling/dialog.xul":{"handling":{"screenX":"765","screenY":"349","width":"389","height":"381"}},"chrome://browser/content/history/history-panel.xul":{"place:beginTime=1542758400000000&endTime=1542844800000000&sort=1":{"open":"true"},"place:beginTime=1542153600000000&endTime=1542844800000000&sort=1":{"open":"true"},"place:beginTime=1542672000000000&endTime=1542758400000000&sort=1":{"open":"true"},"place:beginTime=1544313600000000&endTime=1544400000000000&sort=1":{"open":"true"},"place:beginTime=1543968000000000&endTime=1544659200000000&sort=1":{"open":"true"},"place:beginTime=1544572800000000&endTime=1544659200000000&sort=1":{"open":"true"},"place:beginTime=1544659200000000&endTime=1544745600000000&sort=1":{"open":"true"}},"chrome://browser/content/sanitize.xul":{"detailsExpander":{"class":"expander-up"},"itemList":{"collapsed":"false"}}}